{
  "prepare_queue": {
    "installed": [],
    "uninstalled": []
  },
  "config_munge": {
    "files": {
      "res/xml/config.xml": {
        "parents": {
          "/*": [
            {
              "xml": "<feature name=\"Permissions\"><param name=\"android-package\" value=\"com.android.plugins.Permissions\" /></feature>",
              "count": 1
            },
            {
              "xml": "<feature name=\"Device\"><param name=\"android-package\" value=\"org.apache.cordova.device.Device\" /></feature>",
              "count": 1
            },
            {
              "xml": "<feature name=\"FileTransfer\"><param name=\"android-package\" value=\"org.apache.cordova.filetransfer.FileTransfer\" /></feature>",
              "count": 1
            },
            {
              "xml": "<feature name=\"Whitelist\"><param name=\"android-package\" value=\"org.apache.cordova.whitelist.WhitelistPlugin\" /><param name=\"onload\" value=\"true\" /></feature>",
              "count": 1
            },
            {
              "xml": "<feature name=\"LocalNotification\"><param name=\"android-package\" value=\"de.appplant.cordova.plugin.localnotification.LocalNotification\" /></feature>",
              "count": 1
            }
          ]
        }
      },
      "AndroidManifest.xml": {
        "parents": {
          "/*": [
            {
              "xml": "<uses-permission android:name=\"android.permission.WRITE_EXTERNAL_STORAGE\" />",
              "count": 1
            }
          ],
          "/manifest/application": [
            {
              "xml": "<receiver android:exported=\"false\" android:name=\"de.appplant.cordova.plugin.localnotification.TriggerReceiver\" />",
              "count": 1
            },
            {
              "xml": "<receiver android:exported=\"false\" android:name=\"de.appplant.cordova.plugin.localnotification.ClearReceiver\" />",
              "count": 1
            },
            {
              "xml": "<activity android:exported=\"false\" android:launchMode=\"singleInstance\" android:name=\"de.appplant.cordova.plugin.localnotification.ClickActivity\" android:theme=\"@android:style/Theme.NoDisplay\" />",
              "count": 1
            },
            {
              "xml": "<receiver android:exported=\"false\" android:name=\"de.appplant.cordova.plugin.notification.TriggerReceiver\" />",
              "count": 1
            },
            {
              "xml": "<receiver android:exported=\"false\" android:name=\"de.appplant.cordova.plugin.notification.ClearReceiver\" />",
              "count": 1
            },
            {
              "xml": "<receiver android:exported=\"false\" android:name=\"de.appplant.cordova.plugin.localnotification.RestoreReceiver\"><intent-filter><action android:name=\"android.intent.action.BOOT_COMPLETED\" /></intent-filter></receiver>",
              "count": 1
            },
            {
              "xml": "<activity android:exported=\"false\" android:launchMode=\"singleInstance\" android:name=\"de.appplant.cordova.plugin.notification.ClickActivity\" android:theme=\"@android:style/Theme.NoDisplay\" />",
              "count": 1
            }
          ],
          "/manifest": [
            {
              "xml": "<uses-permission android:name=\"android.permission.RECEIVE_BOOT_COMPLETED\" />",
              "count": 1
            },
            {
              "xml": "<uses-permission android:name=\"android.permission.WRITE_EXTERNAL_STORAGE\" />",
              "count": 1
            }
          ]
        }
      }
    }
  },
  "installed_plugins": {
    "cordova-plugin-android-permissions": {
      "PACKAGE_NAME": "com.rezoom.application"
    },
    "cordova-plugin-app-event": {
      "PACKAGE_NAME": "com.rezoom.application"
    },
    "cordova-plugin-device": {
      "PACKAGE_NAME": "com.rezoom.application"
    },
    "cordova-plugin-file-transfer": {
      "PACKAGE_NAME": "com.rezoom.application"
    },
    "cordova-plugin-whitelist": {
      "PACKAGE_NAME": "com.rezoom.application"
    },
    "de.appplant.cordova.plugin.local-notification": {
      "PACKAGE_NAME": "com.rezoom.application"
    }
  },
  "dependent_plugins": {},
  "modules": [
    {
      "id": "cordova-plugin-android-permissions.Permissions",
      "file": "plugins/cordova-plugin-android-permissions/www/permissions.js",
      "pluginId": "cordova-plugin-android-permissions",
      "clobbers": [
        "cordova.plugins.permissions"
      ]
    },
    {
      "id": "cordova-plugin-device.device",
      "file": "plugins/cordova-plugin-device/www/device.js",
      "pluginId": "cordova-plugin-device",
      "clobbers": [
        "device"
      ]
    },
    {
      "id": "cordova-plugin-file-transfer.FileTransferError",
      "file": "plugins/cordova-plugin-file-transfer/www/FileTransferError.js",
      "pluginId": "cordova-plugin-file-transfer",
      "clobbers": [
        "window.FileTransferError"
      ]
    },
    {
      "id": "cordova-plugin-file-transfer.FileTransfer",
      "file": "plugins/cordova-plugin-file-transfer/www/FileTransfer.js",
      "pluginId": "cordova-plugin-file-transfer",
      "clobbers": [
        "window.FileTransfer"
      ]
    },
    {
      "id": "de.appplant.cordova.plugin.local-notification.LocalNotification",
      "file": "plugins/de.appplant.cordova.plugin.local-notification/www/local-notification.js",
      "pluginId": "de.appplant.cordova.plugin.local-notification",
      "clobbers": [
        "cordova.plugins.notification.local",
        "plugin.notification.local"
      ]
    },
    {
      "id": "de.appplant.cordova.plugin.local-notification.LocalNotification.Core",
      "file": "plugins/de.appplant.cordova.plugin.local-notification/www/local-notification-core.js",
      "pluginId": "de.appplant.cordova.plugin.local-notification",
      "clobbers": [
        "cordova.plugins.notification.local.core",
        "plugin.notification.local.core"
      ]
    },
    {
      "id": "de.appplant.cordova.plugin.local-notification.LocalNotification.Util",
      "file": "plugins/de.appplant.cordova.plugin.local-notification/www/local-notification-util.js",
      "pluginId": "de.appplant.cordova.plugin.local-notification",
      "merges": [
        "cordova.plugins.notification.local.core",
        "plugin.notification.local.core"
      ]
    }
  ],
  "plugin_metadata": {
    "cordova-plugin-android-permissions": "1.0.0",
    "cordova-plugin-app-event": "1.2.1",
    "cordova-plugin-device": "2.0.1",
    "cordova-plugin-file-transfer": "1.7.1",
    "cordova-plugin-whitelist": "1.3.3",
    "de.appplant.cordova.plugin.local-notification": "0.8.5"
  }
}